B001,2025-08-24,A001,10:00,11:00,12345678-9
B001,2025-08-24,A001,10:00,11:00,12345678-9
B001,2025-08-24,A001,10:00,11:00,12345678-9
B001,2025-08-24,A001,10:00,11:00,12345678-9
B001,2025-08-24,A001,10:00,11:00,12345678-9
B001,2025-08-24,A001,10:00,11:00,12345678-9
B001,2025-08-24,A001,10:00,11:00,12345678-9
B001,2025-08-24,A001,10:00,11:00,12345678-9
B001,2025-08-24,A001,10:00,11:00,12345678-9
B002,2025-08-25,A002,12:00,13:00,98765432-1
B002,2025-08-25,A002,12:00,13:00,98765432-1
B002,2025-08-25,A002,12:00,13:00,98765432-1
B002,2025-08-25,A002,12:00,13:00,98765432-1
B002,2025-08-25,A002,12:00,13:00,98765432-1
B002,2025-08-25,A002,12:00,13:00,98765432-1
B002,2025-08-25,A002,12:00,13:00,98765432-1
B002,2025-08-25,A002,12:00,13:00,98765432-1
B002,2025-08-25,A002,12:00,13:00,98765432-1
